﻿case_id,combined_r
20173316, body temperature:none  昨天喝一杯賽洛寧後，開始上吐下瀉、肚子絞痛。
20041417, body temperature:none  誤食除蟲菊精
20202937, Asymptom無症狀 body temperature:none  約:喝了因滅汀ML目前無症狀，想詢問是否需要特殊處理
20201057," body temperature:none  Patient denied muscarinic symptoms, but presented with general weakness, which is a nicotinic symptoms. PAM administration was recommended, but PAM was not available in their hospital."
20040904,Vomiting嘔吐|Hypotension低血壓 body temperature:none  喝了大約一瓶康貝特的農會春，現意識清楚但血壓低且有嘔吐。
20160651," body temperature:none  suicide case, ingestion of ml emulsion bifenthrin, (pyrethrin group)"
20052271,Vomiting嘔吐|Sore throat喉嚨痛 body temperature:normal  約小時前半夜喝年年春，現狀況穩定，fever ，sore throat ，vomit positive ，ABG ablout normal。
20213054, body temperature:none  家人發現病人喝了-口農藥，協助送醫。初期有乾嘔不適，住院期間生命徵象穩，無不適，備予出院，想確認是否有未盡之處置或檢查
20180383, body temperature:none  與家人爭吵 喝cc 噁心 嘔吐 拉肚子 由永和耕莘轉入 metabolic acidosis    aspiration pneumonia
20200226,Vomiting嘔吐 body temperature:normal  喝了 .%固殺草 CC 目前嘔吐一次之外無其他症狀  cons clear vomit once when on NG no other discomfort
20183252," body temperature:none  一週前喝阿巴汀自殺, 出現AKI, 呼吸衰竭, 想詢問後續有沒有甚麼後遺症"
20073970,Seizure (single)癲癇 (單次)|Coma昏迷 body temperature:none  病人喝四口固殺草自殺 conscious clear -> coma at / : On endo
20152950,Coma昏迷 body temperature:none  昨天喝未知量農藥 consciousness change on endo
20084316," Asymptom無症狀 body temperature:none  , :, 喝百試達 (固殺草) 兩瓶蓋, 目前無症狀. "
20014345, body temperature:none  將異亞列寧，治滅寧，和協力精噴入水中喝下
20013689, body temperature:none  食入撲滅松
20030131, body temperature:none  ..晚間因心情不佳(約個月前檢查出罹患癌症)喝了一口賽滅寧。無s/s。
20032399, body temperature:none  今天下午噴灑農藥後覺得腳部皮膚不適    晚上就醫
20042401,Drowsy/Lethargy嗜睡|Vomiting嘔吐 body temperature:none  個案喝祝友春ml，當時吐很多。Con's clear變drowsy
20191644, body temperature:none  醫護表示 家屬帶來就醫表示分鐘到小時前喝 ml賽扶寧-包有效自殺，現在意識清楚，無吐無喘。
20040479, body temperature:none  DOA
20020937,"Dizziness頭暈|Vomiting嘔吐 body temperature:none  下午噴灑農藥(賽滅寧)時,因風向因素 有吸入及皮膚接觸 症狀: dizziness  vomiting"
20084538,Vomiting嘔吐|Nausea噁心 body temperature:none  口服金鼎勇一口 vital sign stable
20054707,"Pneumonitis肺炎|Drowsy/Lethargy嗜睡|Coma昏迷 body temperature:none   y/o female suicide ingestion of one mouthful 日日春, she was DOA when arrived ER. Regain vital sign after resucciation. but persisted coma status"
20153253," body temperature:none  早上噴灑農藥(賽洛寧)後,覺的雙手刺痛.vital sign:stable"
20180350,Oral ulcer(incl. lips)口腔潰瘍(含嘴唇) body temperature:none  天前 誤食固殺草 只含進去嘴裡就吐出來 嘴內潰瘍 生命徵象穩定
20043889, Asymptom無症狀 body temperature:none  asymptomatic.
20013498,Abdominal Pain腹痛|Abdominal distention腹脹|Nausea噁心|Dizziness頭暈|Chest tightness胸悶 body temperature:none  / 下午不小心吃了一個噴過毒絲本的芭樂，/胸悶，腹痛脹，噁心，頭暈，vital sign stable
20060247,Confusion混亂 body temperature:none  個案-ml雙炮軍，出現意識混亂和瞻妄。
20020748,Vomiting嘔吐|Nausea噁心|Diarrhea腹瀉 body temperature:none  喝百滅寧自殺，N/V:+/+，腹瀉、意識清楚
20010850, Asymptom無症狀 body temperature:none  無症狀
20161888,Vomiting嘔吐|Nausea噁心 body temperature:none  約下午三點心情不好喝酒喝農藥(阿巴汀)，嘔吐依地躺在地上，五點經家人發現送來急診，沒有咳嗽情形
20192568, body temperature:none  使用陶斯松粉筆，絕的口水增多、有時候會頭痛
20182960, body temperature:none  喝百滅寧(%) 幾口 目前有吐 Vital sign stable 
20073151,"Respiratory failure呼吸衰竭 body temperature:none  昨天晚上約點半喝了一瓶(容量不明)固殺草 SpO +%, on endo"
20182244, body temperature:none  喝陶斯松自殺(兩口，約十一點)，家人送急診，目前尚無腸胃道症狀、有tachycardia，準備洗胃、活性碳、預給PAM入寶建icu Tx
20024016,"Short of breath呼吸窘迫SOB|Vomiting嘔吐 body temperature:none  con's:clear, 喘, vomiting"
20011247,Vomiting嘔吐 body temperature:none  vomittilg
20012542," body temperature:normal  Ingested of -Phenoxybenzyl positive -cis-,-dimethyl--cyclopropanecarboxylate ml about  hr ago."
20012035,Sore throat喉嚨痛 body temperature:none LDH  U/L|PLT  /uL|Cr. . mg/dL|Na  mmol/L|MCV . /uL|D-Bil . mg/dL|ALP  U/L|BUN  mg/dL|Ca  mg/dL|WBC  /uL|K . mmol/L|Glucose  mg/dL|AST(GOT)  U/L|Alb .  g/dL|GGT   U/L|T-Bil . mg/dL|ALT(GPT)  U/L|CK  U/L // 施打海洛因後自稱喝下 PARAQUAT ml後喉嚨痛 
20192239,Vomiting嘔吐 body temperature:none  除嘔吐沒其他症狀
20021958,"Dry mouth口乾|Vomiting嘔吐|Nausea噁心 body temperature:none  喝農藥-刺馬(第滅寧)c.c.,N/V口乾"
20014504," body temperature:none  晚上:喝一瓶阿巴汀 :送至慈愛醫院 已催吐洗胃 vital sign stable, consciousness clear
"
20200948,"Respiratory failure呼吸衰竭|Seizure (single)癲癇 (單次)|Hyperammonemia高血氨|Hypotension低血壓 body temperature:fever  昨天喝~ cc 固殺草 到院時意識清楚, 晚上呼吸變差, 予on endo with ventilator 今天早上出現血壓低(?) hydration後改善. Ammonia level 高, 曾經有seizure發生 想問是否可以作HD."
20121039, body temperature:none  於凌晨兩點左右食入約CC的 abamectin
20011136,Drowsy/Lethargy嗜睡 body temperature:none  conscious drowsy on oral endo Prescription: Atropine push -> drip PAM -
20193457," body temperature:fever  天前因為意識改變送至急診,有喝cc因滅汀, 今日住至加護病房,醫師發覺在急診沒洗胃,所以來詢問後續治療"
20181414," body temperature:none  喝酒後喝了一瓶百滅寧，約 ml 較躁動 T/P/R: .//, BP /, SpO %"
20212093, body temperature:none  送醫前一小時，吵架過後服用農藥愛殺松一口以及酒精，現vital sign穩定，無症狀
20013006, body temperature:none  vital sign stable
20041780,Vomiting嘔吐|Nausea噁心 body temperature:none  吸入年年春一口，目前噁心嘔吐。
20011849,"Salivation/Drooling流口水 body temperature:none  服用賽滅寧-ml, consciousness clear, salivation"
20070356,Confusion混亂 body temperature:none  丈夫代述病人今日參加宗教活動後喝下約ml的因滅汀殺蟲劑 stable vital sign but confusion at ED
20150709,Loss of consciousness失去意識 body temperature:none  喝下後意識不清
20021454,"Pain疼痛 body temperature:none  今天早上噴灑農藥芬化利(Sumicidin) 噴灑到右肩,疼痛 vital signs normal
"
20032895, body temperature:none  Asym
20012249, body temperature:none  + cutting wrist con's clear Ach < Cr不高
20052510,Sore throat喉嚨痛|Oral irritation(incl. lips)口腔刺激(含嘴唇) body temperature:none  個案喝日日春ml，有口腔痛和喉嚨痛症狀。
20032684,"Agitation躁動 body temperature:none  個案喝兩杯年年春(約cc)，意識清楚、血壓穩定、躁動，急診沒有給活性碳。

"
20121158,Drowsy/Lethargy嗜睡 body temperature:none  病人喝了不知量的絕蟲靈及酒 目前drowsy中
20040432,Vomiting嘔吐|Diarrhea腹瀉 body temperature:none HCO . mmol/L|pH . |WBC  /uL|Hb . g/dL|PO  mmHg|PCO  mmHg 喝興農春一整瓶，送至嘉義長庚急診，目前嘔吐和腹瀉。
20012918, body temperature:none  suicide by drinking cc cypermethrin
20011182," body temperature:none  曾在LMD處理過,再轉到MER求治, Dr.楊說p`t v.s stable無特殊症狀,會讓他MER MBD"
20213240," body temperature:none  喝入未知量的百滅寧(%乳劑),被救護車送急診,目前因為個案都不說話,不知道其是否有不適,Vital sign stable,無噁心嘔吐"
20152928,Vomiting嘔吐|Nausea噁心 body temperature:none  回家後有洗澡換衣服，但還是有頭暈想吐的症狀
20132697, Asymptom無症狀 body temperature:none  酒後誤喝農藥 無症狀 清醒
20032603,Abdominal Pain腹痛 body temperature:none  因心情不佳而喝下，目前只有腹痛，no oral ulcer，no respiratory dysfunction。
20181867," body temperature:none  個案於晚間心情不佳喝下CC的佳絲本(陶斯松)農藥及高梁,上腹不適伴隨嘔吐前去急診就醫"
20091597," Asymptom無症狀 body temperature:none  固草殺 cc  Hrs ago No s/s conscious clear vital signs stable
"
20111956,"Coma昏迷 body temperature:none  ESRD on H/D QW, DM, IDA, thalassemia , colon divertiulosisi GERD, COPD, CHF, / 心情不好 喝酒及固殺草  嘔吐 腹瀉  至林口長庚就醫  之後在門診追蹤 之後回台東  "
20170445," body temperature:none  心情不好, 喝-口除草劑萬清, 送到醫院 目前意識清楚, V-S stable, 洗胃中"
20212101, body temperature:none  下午噴灑農藥後感到身體不適，目前有嘔吐情形，合病心跳變慢(下 每分鐘)
20202637, Asymptom無症狀 body temperature:none  在田裡喝了~口農藥草丈根，回家告知家人，之後被送醫；洗胃未見農藥，無症狀、各項檢查皆正常
20202569," body temperature:none  Hx: CKD QHD 因前陣子Herpes久病厭世喝賽滅寧 sucide被家人送ER,入ER有吐,on NG sump + irrigation"
20181258, body temperature:none  喝瓶約c.c.含毒甲基丁香油自殺，有嘔吐現象，在急診意識不清，清醒後轉一般病房
20201052, body temperature:none  從早上噴農藥到中午，農藥有:喜樂克拉、嘉賜黴素、蟲全除、青跳跳，因腹痛就醫，醫院因擔心有有機磷來電詢問
20013267, body temperature:none  clear，vital stable
20160400," body temperature:none  病人有憂鬱症狀,/上午喝下第滅寧殺蟲劑,家人急送急診嘔吐多次,洗胃後轉ICU治療"
20181668," body temperature:normal  suide, ml 因滅汀 from oral vital sign stable"
20011459, body temperature:none  喝一口就被拍吐出來 BP normal vital normal
20041600," body temperature:none  喝cc左右的百滅寧自殺,vital sign穩定"
20212592," body temperature:none  個案/服用芬殺松自殺，送至永康奇美急診，使用atropine and PAM 治療兩天，/在病房分泌物增多，/ 插管至加護病房，並使用atropine pump，/ 停pump, /又因分泌物變多再次使用atropine pump，conscious clear, vital sign stable，/ plasma chE .(參考值~)，/ chE <.，無其他cholinergic syndrome，ICU NP "
20180138,Respiratory failure呼吸衰竭|Drowsy/Lethargy嗜睡 body temperature:none  五小時前 喝了兩口 固殺草 送ED 後有呼吸衰竭
20191098, body temperature:none  打電話說要自殺，EMT到場後已OHCA。罐子上:滅黑龜，整瓶約~ml。縮瞳，心跳慢，分泌物多。
20033584, body temperature:none  個案吃一口就吐出來，目前沒有症狀。
20200081," body temperature:none  個案於早上時左右因心情不好，於酒後喝了一口賽洛寧欲自殺，但因味道太臭，含在口中馬上吐掉無吞入，因口腔灼熱感至屏東基督教醫院急診就醫，無其他症狀，vital signs stable, conscious clear."
20084109," body temperature:none  , :, 喝打結靈(因滅丁)半瓶, :至彰濱秀傳紀念醫院, Conscious clear, pH: ., HCO: , AchE:  (Normal: -); Gastric larvage and Carbomix; Admission to ICU"
20020584, Asymptom無症狀 body temperature:none  喝下百滅寧% asymptomatic
20120284,Drowsy/Lethargy嗜睡 body temperature:none Cr. . mg/dL|BUN + mg/dL consciousness clear but drowsy lung: crackle (aspiration pneumonia) GI  negative 
20021036,Vomiting嘔吐 body temperature:none  Vital sign:stable Vomiting
20063503,Dizziness頭暈|Vomiting嘔吐 body temperature:none  昨天噴灑農藥，今早覺得頭暈想吐。
20181602, Asymptom無症狀 body temperature:normal  歲男性，喝下因滅汀以及酒後，送入員林基督教醫院，生命徵象正常，已經觀察小時無不適。
20011325,OHCA到院前心搏停止 body temperature:none  早上噴農藥 陶斯松愛快.%乳劑 下午表現con's change 到ER DOA post CPR no sludge or Dumbell sign
20172694,"Bradycardia心搏過緩|Salivation/Drooling流口水|Dyspnea呼吸困難|Loss of consciousness失去意識 body temperature:none Ammonia  μmol/L /媳婦早上發現公公躺在沙發,流口水,叫不醒, 身旁有瓶斬丈根, 到院時喘意識不清合併 aspiration 入院給charcoal + lactulose, on endo 剛到ICU有bradycardia, 意識清醒on 著endo / EVtM, pupil (,), PR , NH 有給atropine"
20032899," body temperature:none  因吸入多種農藥氣體:賽滅寧,賽滅淨,大生粉,天威.現在S/S:headcahe,dizziness,nausea,cold sweating"
20162336," body temperature:none  患者朝眼睛噴permethrine 造成corneal damage, periorbital edema"
20010739, body temperature:none  NG irrigation，Vital sign stable、意識清楚
20152398," body temperature:none  喝百滅寧自殺, con's change, V-S stable, 來電通報個案."
20121723,Vomiting嘔吐 body temperature:none  :pm 以啤酒配因滅汀喝入約cc
20103229,Bradycardia心搏過緩 body temperature:none  心跳較慢(HR=) 血壓 / 給半支atropine→HR=bpm
20011533, Asymptom無症狀 body temperature:none  asymptomatic
20150146,"Vomiting嘔吐 body temperature:none  個案約於下午點自殺喝因滅汀, 目前插管住入加護病房, 意識有些改善, 但有嘔吐後造成化學性肺炎之狀況"
20040080,Vomiting嘔吐|Sore throat喉嚨痛 body temperature:none  自殺喝興農春mL ，有喉嚨痛和嘔吐症狀。
20020618, body temperature:none  病人因心情不佳服下ml百滅寧，立即被發現送醫。目前Conscious clear，Vital sign stable。
20062682, Asymptom無症狀 body temperature:none  剛剛不小心誤食一口嘉磷塞。現無症狀。
20023557,"Vomiting嘔吐|Diarrhea腹瀉 body temperature:none  口服  ml 之第滅寧 PR:  /min other vital signs stable,嘔吐腹瀉"
20152731, body temperature:none  三天前不小新噴到胸部 有吃到一點 吐   刺激
20083464,"Dizziness頭暈|Abdominal Pain腹痛 body temperature:none  病人雙腳誤沾到斬丈根(固殺草),目前有點頭昏以及輕微腹痛  vital signs stablemild dizziness, abdominal  painp't目前無局部症狀"
20043800," body temperature:none  喝百滅寧cc for suicide, at :pm, now, nausea, vital sign stable"
20191996,Vomiting嘔吐|Nausea噁心 body temperature:normal  凌晨點因為情緒不穩喝了金鼎勇殺蟲劑口，現在噁心嘔吐，意識清楚，生命徵象穩定。
20062048,"Acidosis酸血症|Respiratory failure呼吸衰竭|Hypotension低血壓 body temperature:normal  con's change at home, post CPCR at ER, severe metabolic acidosis, CO retention, now still coma, EVtM, brain death and shock status"
20033059, body temperature:none  昨天噴農藥，可能有吸入，現在紅紅的而且會癢
20013406,"Sore throat喉嚨痛 body temperature:none  /口服兩杯的年年春及維士比，目前conscious clear, vital sign: stable, only sorethroat and CXR revealed: no specific finding."
20011290, Asymptom無症狀 body temperature:none  Asy男女恂情
20053645,CNS Depression中樞抑制 body temperature:none  喝了一口農藥 雙炮軍 (嘉磷氟氯比)，意識糢糊。
20180989, body temperature:none  病人自殺喝下不明量的百利普芬
20212966," body temperature:none  患者自訴凌晨(點多?)喝巴拉松西西, 跳河後自行上岸, 救護車送到院. 目前意識清楚, 呼吸道痰音重, 抽出的痰液呈泡沫狀, 無盜汗現象, 肢體無力, 縮瞳(/), BP:/, HR:次/分, RR:. 已洗胃"
20182297, Asymptom無症狀 body temperature:none  被家人發現飲用農藥，不確定飲用時間與劑量，神智清楚無任何症狀
20054552, body temperature:none  conscious clear vital signs stable
20010359,Drowsy/Lethargy嗜睡 body temperature:none  patient parkinsonism
20172853," Asymptom無症狀 body temperature:none  吵架喝了一口因滅汀, 目前無症狀"
20182039, Asymptom無症狀 body temperature:none  自殺喝了一炮紅兩口(ml)。
20071110, body temperature:none  Suicidal attempt by taking  mouth full of 固殺草 solution at about :PM this evening. Persistent nausea and vomiting. Normal lab data.
20022403,"Fever發燒|Coma昏迷 body temperature:none  History: Parkinson's disease, Depression, Dementia"
20103483,Vomiting嘔吐 body temperature:none  喝了毫升農藥 嘔吐
20192706," body temperature:none  /凌晨被太太發現嘔吐，酒杯裡有白色溶液，旁有cyhalothrin瓶裝(為白色溶液)，送急診EVM,ethyl level:mg/dl, CXR:浸潤"
20032604, body temperature:none  胸悶 視線模糊 流口水
20012451,"Oral ulcer(incl. lips)口腔潰瘍(含嘴唇)|Muscle weakness肌肉無力|Desquamation脫皮|Blister水泡 body temperature:none WBC  /uL|PLT  /uL Sx: weakness, dark skin 有小水泡,口腔黏膜破得很厲害但皮膚未大片脫皮,pancytopenia, WBC, platelet ~萬, 血紅素 ~  最近的history只一週前使用五豐春(年年春)"
20054466, body temperature:none  吃年年春自殺，意識清楚。
20022143," body temperature:normal  drinking about cc of 速利淨, but without s/s."
20012523,"Abdominal Pain腹痛 body temperature:none  病人約於今日零點時喝一小口年年春 送醫 症狀有:腹痛 , hyperactive bowel sound pupil size:./. 已做過gastric lavage 建議:life support , monitor pulmonary edema , hyperkalemia , acidosis "
20063879,Vomiting嘔吐 body temperature:none  個案喝年年春ml，有吐，意識清楚有給洗胃和活性碳
20120376,"Hematuria血尿 body temperature:normal  consciousness irritable HR ~, BP /，分鐘後 / afebrile .'C lung: rales, 泡沫痰 hematuria (++)
CXR: bil pul edema
room air PaO %
-> on endo suction, :am PaO %"
20022960,Dizziness頭暈 body temperature:none  在農田噴灑百滅寧，不慎吸入及接觸少許，頭暈
20210269,"Vomiting嘔吐 body temperature:none HCO . mmol/L|PCO . mmHg|SO  %|pH . |PO . mmHg 自殺喝了cc利台(因滅汀),目前吐了一次,無其他症狀, vital signs stable"
20042172,Vomiting嘔吐|Sore throat喉嚨痛|Nausea噁心 body temperature:none  個案食入mL的年年春，喉嚨痛、噁心嘔吐。
20061687, body temperature:none  喝農藥未知量，生命徵象穩定。
20183833, body temperature:none  自殺喝了陶斯松，送去國泰醫院，GCD EVM， pupil (/)，給予洗胃+活性碳 Atropine amp 轉本院 
20023616,"Loss of consciousness失去意識|Vomiting嘔吐 body temperature:none  EVM, Tx atropine GCS  ->  -> "
20162898," body temperature:none  喝百滅寧(permethrin)%數百C.C.導致呼吸喘,噁心嘔吐,目前意識清楚"
20210384, body temperature:none  歲男性半小時前喝下未知量的撲滅芬普寧，現送至彰基二林急診，意識不清GCS，並有嘔吐、呼吸道分泌物多症狀，已on endo且大量分泌物從endo出來，想確認此農藥是否含有機磷。
20050711,Ocular irritation/pain眼睛刺激/疼痛|Dermal pain皮膚疼痛|Red eye/Conjunctivitis眼睛紅/結膜炎 body temperature:none  已在家沖水，到院檢查
20012801, body temperature:none  clear
20090269,Vomiting嘔吐 body temperature:none  早上六點喝了農藥 曾嘔吐 八點又喝 共喝半瓶 
20201177, body temperature:none  病人:喝敵敵畏ML 目前噁心嘔吐
20153080," body temperature:none  病患與媽媽起口角後,食入百滅寧.在急診已使用Charcoal.Vital sign :stable ,無任何不舒服.PE:pupil dilated
"
20101187," Asymptom無症狀 body temperature:none  suicide attemp with drinking 一口固殺草 (. %, 強手) at noon then 吐掉 無可觀察到症狀"
20170123, body temperature:none  vomiting 
20050112," body temperature:none  a  women who works in the 大潤發 for / year suddenly vomited after the exposure of cypermethrin. cough positive , chest (clear), ABG(ok), Lab(ok). Admission was suggested. "
20161469,Abdominal Pain腹痛 body temperature:none  ingestion of ml of  固殺草農藥 目前腹痛。無呼吸困難或抽蓄之狀況。 Vital signs stable
20160526,"Drowsy/Lethargy嗜睡 body temperature:none  Con's drowsy, vital signs stable, no vomiting, on NG tube"
20150762,"Flushed發紅 body temperature:none  因為與家人吵架，而喝了迅雷因滅汀，,口就吐掉了。已經洗胃和給予活性碳，目前看起來有點臉紅，不知是潮紅還是氣的。"
20190602," body temperature:none  hx of psychiatric disorder took 賽滅得 after argument with friend this morning after drink.  agitation > send to 苑裡李綜合 > 大甲光田, IHCA s/p CPR, intubation > ROSC > ICU"
20042170,"Fatigue/Malaise疲倦 body temperature:none  個案食入ml，意識清楚，生命徵象穩定，Weakness。
"
20100786,"Short of breath呼吸窘迫SOB|Diaphoresis發汗 body temperature:none  con's:clear, 冒汗: positive , 喘: positive "
20083904," body temperature:normal  喝固殺草一口後立即吐掉. RR: /min, PR: /min, BP: / mmHg, BT: .C, SpO: ~%."
20201354, body temperature:none  喝入cc百滅寧 有喉嚨紅食道痛的症狀
20010718,"Muscle cramps肌肉痙攣|Vomiting嘔吐|Diarrhea腹瀉 body temperature:none ChE-plasma 正常 U/L |ChE-RBC 正常 U/L 昨天上午自己調配年年春噴灑, 晚上感到不舒服, 出現拉肚子及嘔吐, 乙醯膽鹼酶 數值正常"
20141571, body temperature:none  上午十點農藥 約cc 蟲乎死(因滅汀) 無症狀，生命徵象穩。
20063681, Asymptom無症狀 body temperature:none  二位小朋友玩耍把半瓶多的農藥春多多玩完了，已洗過澡，目前無症狀，活潑。
20171367,"Vomiting嘔吐|Seizures (multiple)癲癇 (多次)|Loss of consciousness失去意識 body temperature:normal  /下午喝固殺草農藥, 約- cc, 嘔吐數次, 入院時BP/, SO: , 當天晚上失去意識coma, /晚上出現 seizure, 至目前共次"
20032927, body temperature:none  個案喝一口興農春，無症狀。
20041333, body temperature:none  在家誤服
20104213," body temperature:none  吃ivermectin.一開始意識清楚.現在on Endo.
"
20032508,Sore throat喉嚨痛 body temperature:none  於昨日下午喝一口年年春，目前喉嚨痛。
20172599," body temperature:none  意識改變, 被家人發現, 旁有兩瓶空的百滅寧瓶子約ml, :被送至台大醫院急診, 喘, GCS:EVM. "
20073186," body temperature:none  local burning, pins and niddle sensation (back)"
20151031, body temperature:none  / :使用雷公.%W/W 噴藥，未戴防護具，大約噴了~下原液，晚上覺得頭暈，今早有頭暈呼吸喘之情形。
20033071, body temperature:none  EVM sore throat
20011103, body temperature:none  vital sign ;stable cons :clear
20212711, body temperature:none  個案晚上點喝cc 百滅寧，送至大甲光田急診，無其他明顯症狀，情緒較躁動，EKG sinus rhythm，想問處置
20041971," body temperature:none  個案意識清楚，生命徵象穩定，無噁心嘔吐。
"
20201746," body temperature:none  手接觸免警蟑凝膠 一小時,現覺得腸胃不適"
20063527,"Sore throat喉嚨痛 body temperature:normal  個案自殺喝suicide attempy, sorethroat+"
20110226, Asymptom無症狀 body temperature:none  對痛有反應 不肯睜眼   成分查不到，瓶身是寫增加殺蟲效果
20054759,Vomiting嘔吐|Nausea噁心 body temperature:none  吃下興農春ml，有噁心感。
20153516,"Abdominal Pain腹痛 body temperature:none HCO  mmol/L 昨晚飲用西西蟲離離, 腹痛到ER, 有些Metabolic acidosis (HCO: )"
20023212,"Vomiting嘔吐 body temperature:none  地王星(畢芬寧),drink for suicide , amount? vomiting+. stable vital signs, clear con's"
20191127," body temperature:none  一位歲的婦人, 在幫兒子洗衣服後感到頭暈, 想吐, 由於兒子今日有噴灑農藥, 故推測可能是農藥 (佈飛松) 中毒."
20101898, body temperature:none  病人約一小時前服用因滅汀 量約 - ml 目前 HR /min
20052955," Asymptom無症狀 body temperature:none  /  吃了剛噴年年春的茄子，目前無症狀。
"
20011333,"Drowsy/Lethargy嗜睡|Vomiting嘔吐|Nausea噁心 body temperature:none  N/V:+/+,cons:drowsy"
20170985, body temperature:none  剛剛誤食蟲滅寧顆
20160348, body temperature:normal  主訴三小時前吃下半罐因滅汀%粉劑約半罐(g)
20041585,Vomiting嘔吐|Sore throat喉嚨痛|Nausea噁心|Abdominal Pain腹痛 body temperature:none WBC  /uL 個案於/ :食入年年春cc，出現腹痛、噁心、嘔吐、喉嚨痛。
20210411," body temperature:normal  自行喝下不明量因滅汀, 目前除不想說話外, 無不適症狀."
20102550, Asymptom無症狀 body temperature:none  無症狀 stable vital sign 喝一口
20180443,Nausea噁心|Vomiting嘔吐 body temperature:none  外勞離開片刻後回來發現個案在喝農藥，後有嘔吐，急送埔里榮總 在急診NG洗胃抽出至少ml的液體 其他詳情因溝通不良且家屬尚未到達而未知 推測可能是因為丈夫住院子女不在身邊等因素一時想不開，後表示有失智病病史。
20012911,Rhinorrhea流鼻涕|Dizziness頭暈|Sweating發汗 body temperature:none  dizziness、cold sweating、HR變快、流鼻水
20041354,"Hoarseness喉嚨沙啞|Diarrhea腹瀉|Sore throat喉嚨痛|Vomiting嘔吐|Nausea噁心 body temperature:none Lipase  U/L|SO  %|PO  mmHg|pH . |PCO  mmHg|WBC  /uL|HCO . mmol/L 下午:分時誤食約ml年年春，有噁心、嘔吐、腹瀉、喉嚨痛和喉嚨沙啞症狀。生命徵象穩定。
"
20020029,"Dyspnea呼吸困難 body temperature:normal  口服百滅靈自殺,mild dyspnea,he was found by family and was sent to ER"
20014431, body temperature:none  早上:喝一瓶c.c.賽滅寧 呼吸抑制 意識不清
20142103,"Coma昏迷 body temperature:none  GCS EVM -> intubation 病患今天曾外出喝酒 今晚被家屬發現倒臥在家中，身旁有一固殺草的瓶子 (ml) 約剩餘ml，旁邊還有一裝著不知名的藍色液體杯 送至ER Conscious coma, Respiratory pattern slow
"
20010072,"Salivation/Drooling流口水 body temperature:none  暴露時間不詳(僅記錄/住院) HR:-bpm conscious clear  on endo with ventilator 口水一直流，痰稀稀白白的 PAM, Atropine used"
20152527," body temperature:none  depression p't , 胸部骨折, 自覺無法醫治好, 所以喝農藥自殺. 目前意識清楚, V-S stable, 已經洗胃. "
20062890,Dermal irritation皮膚刺激 body temperature:none  背農藥去噴藥，跌倒，農藥灑在背上，已沖洗，外觀無異常，有灼熱感。
20150675,Vomiting嘔吐|Nausea噁心 body temperature:none  噁心，嘔吐
20010277,Vomiting嘔吐 body temperature:none  病人有嘔吐，但狀況穩定，喝瓶現代靈
20011174,"Miosis瞳孔縮小(<mm,>.mm)|Vomiting嘔吐|Nausea噁心 body temperature:none  nausea vomiting pupil /"
20152809, Asymptom無症狀 body temperature:none  生命徵象穩
20070982, Asymptom無症狀 body temperature:none  自殺病人，情緒不穩
20072616,Abdominal Pain腹痛 body temperature:normal  病人有憂鬱症病史，約四點左右被發家人發現喝下半瓶cc的農藥(蟲離離)，目前除肚子痛外無其他症狀。
20052996, Asymptom無症狀 body temperature:none  患者自殺飲用約cc之蟲離離(殺蟲劑)
20141844,"Drowsy/Lethargy嗜睡 body temperature:none  self taking 百試達ml at pm, con's mild drowsy now  NG N/S irrigation Con's drowsy Vital signs stable not sure any other medication use Px: Dementia under PSY OPD"
20150718, body temperature:normal  被從MOTEL送來 不肯說話 有一瓶斬丈根cc 可能喝下大約/ 生命徵象穩定
20041910,Short of breath呼吸窘迫SOB|Vomiting嘔吐|Diarrhea腹瀉|Abdominal Pain腹痛 body temperature:none  吵架喝興農春(嘉磷塞異丙胺鹽)未知量，意識清楚但有嘔吐和short of breath症狀。
20150726," Asymptom無症狀 body temperature:none  RR , PR , BP /, PaO mmHg 食入約ml 蟲倒倒(.%乳劑)，約含mg emamectin benzoate，未標示含有甲醇(不確定) 已做active charcoal
"
20212670," body temperature:none  剛發現倒在自家, 手裡拿著蟲倒倒之空瓶, 意識不清送往急診"
20190160,"Vomiting嘔吐|Nausea噁心 body temperature:none  下午點喝蟲倒倒ml自殺，現噁心嘔吐，SpO: %，vital sign stable.
"
20180509,Vomiting嘔吐 body temperature:none  喝因滅汀約ML 嘔吐
20032779,Dizziness頭暈|Fatigue/Malaise疲倦|Vomiting嘔吐|Sweating發汗 body temperature:none  個案於一小時前噴農藥，後覺得全身無力、冒汗、暈、吐。生命徵象穩定，但虛弱。
20020137, Asymptom無症狀|Dizziness頭暈 body temperature:none  dizziness Asym. now
20212304, body temperature:none  於:-:噴灑農藥，:到院，呼吸喘、予插管，詢問有無解毒劑？
20173493, body temperature:none  病人喝百世達(固殺草)  vital signs 正常 自己催吐 HR 正常
20172289," body temperature:none  /晚上病人將陶斯松混入咖啡，喝下；晚上:就診，病人主訴左下腹痛
/晚上發生兩次seizure
/早上病人才告訴醫生他有喝農藥
/~/期間，病人意識清醒，vital signs基本上皆正常穩定，除了血壓高(~)，病人無高血壓病史"
20013700,"Coma昏迷 body temperature:none  deep coma (EVM~), V-S stable, 洗胃及給活性炭"
20050742, body temperature:none  suspect eat 吉速靈 (pyrethrin)
20042798," body temperature:none  發現時已躺在地上
drowsy to pain"
20041387," body temperature:none  服入賽滅寧約ml
意識不清"
20011966,"Sore throat喉嚨痛|Nausea噁心 body temperature:normal ALT(GPT)   U/L|K . mmol/L|BUN   mg/dL|Glucose    mg/dL|Cl  mmol/L|CK  U/L|AST(GOT)  U/L|GGT  U/L|T-Bil . mg/dL|D-Bil  mg/dL|Ca . mg/dL|ALP   U/L|PLT  /uL|Alb .  g/dL|Cr. . mg/dL|Na  mmol/L|LDH   U/L|WBC  /uL|Hb . g/dL   年  月  日晚上 : 一杯除蟲菊殺蟲劑。噁心、喉嚨痛後來被人發現送醫進行洗胃。之後轉到MER，在MER有給予CARBOMIX 
consciousness clear, nausea, throat discomfort"
20011682,"Vomiting嘔吐|Drowsy/Lethargy嗜睡 body temperature:none PO . mmHg|HCO . mmol/L|PCO . mmHg|pH .  喝滅賜松
vomiting developed soon, he was sent to 恩主公醫院 PAM g, atropine mg were given, because of cons deterioration, he was transferred to our ER
病摘:
The  y/o male p't was a case of alcoholism for years. He drank
an unknown amount of organophosphate with wine on Jun  PM:
and was found by his family. He was sent to another hospital for
help. Sever vomiting was noted on the way to the hospital. Atropine,
PAM were given as well as gastric lavage with carnbomix use.
Unfortunately, conscious disturbance with aphasia developed
gradually on Jun  morning. Therefore, he was transferred to our
MER at about AM:.At ER, vital sign was BP:/,HR:,RR:
Pupil size was -/-,LR:+/+.PE showed bilateral rhonchi,ralesABG:PH:. PO:. PCO:. HCO:.. Under the
impression of organophosphate intoxication, he was treated with
atropine,PAM at ER. He was then admitted to our ward for further
evaluation and management."
20043802, Asymptom無症狀 body temperature:none  個案食入mL的年年春，意識清楚無症狀。
20060823,Sore throat喉嚨痛|Hoarseness喉嚨沙啞 body temperature:none  三天前噴灑農藥，現喉不適。
20211685," body temperature:none  昨天下午喝百滅寧自殺,有嘔吐(泡沫狀物)腹瀉一次,今天主訴覺得胸悶."
20203436," body temperature:none  患者最後一次被看到為/ :,於/ 凌晨因為意識狀況不清送醫，身邊有蟲溜溜(因滅汀 with %甲醇)，服用劑量不明。GCS:, pin pupil"
20021171, body temperature:none  vital sign stable
20021335,"Agitation躁動|Vomiting嘔吐|Dizziness頭暈 body temperature:none Cr. .  mg/dL|T-Bil . mg/dL|PLT  /uL|ALP  U/L|AST(GOT)  U/L|K  mmol/L|Ca . mg/dL|GGT  U/L|LDH  U/L|BUN  mg/dL|Na  mmol/L|D-Bil . mg/dL|ALT(GPT)  U/L|Alb . g/dL|WBC  /uL|Cl  mmol/L|CK  U/L HXBronchitis、Alcoholism
他最近咳嗽所以有服用止咳藥水。因為他在/喝了很多酒，他把農藥（除蟲菊酯）當止咳藥水喝下去。然後被送到MER。
百滅寧 -"
20192344,"PEA無脈搏電氣活動 body temperature:none  喝固殺草 不確定喝多少 也許~ml 
先送某Hospital，//轉虎尾台大。"
20142009,"Drowsy/Lethargy嗜睡|Bradycardia心搏過緩 body temperature:none  SUICIDE ON //
SENT TO 署屏H.
CON'S STILL DROWSY
TRANSFER TO 高長H. ON /"
20041440,Vomiting嘔吐|Sore throat喉嚨痛 body temperature:none Alc (ethanol)  mg/dL 個案自殺喝一路春，喉嚨腫痛，嘔吐。
20201093," Asymptom無症狀 body temperature:none  -天前使用固殺草農藥, 被潑濺到手有立刻沖洗, 目前無不適
詢問是否會中毒"
20172437,"OHCA到院前心搏停止 body temperature:none  與先生(謝明宗-案號)相約喝固殺草自殺, 兒子回家發現時,已死亡, 先生送醫後不治"
20011152,"Sore throat喉嚨痛|Nausea噁心 body temperature:none  clear,VS:stable,no discontent,nausea:+,sore throat,no abdominal pain"
20024321," body temperature:normal  個案有精神異常,到急診時語意不清,說是被下小鬼,醫護人員認為是想不開自殺"
20160394," body temperature:none  早上十點
約八小時前誤食殺蟲劑，插管中"
20212343,"Salivation/Drooling流口水|Coma昏迷 body temperature:normal  :被人在工寮發現,已昏迷旁邊有放了一瓶速百達.%,:被送來急診.目前GCS:分,已插管放NG,反抽有藍綠色液體
RR: PR: Bp:/ T:. Pupil:"
20101871," body temperature:none  洗腎病人, 下午三點喝蟲離離兩口半"
20200483,"Dizziness頭暈 body temperature:none  上周六噴灑農藥時，農藥罐破裂，滲漏至背部與下肢且持續一段時間，本周ㄧ起感覺頭暈，無噁心，懷疑是否和農藥暴露有關。

有心血管病史"
20173415," body temperature:none PO . mmHg|HCO . mmol/L|PCO . mmHg|pH . |BE -. mmol/L  下咽癌患者, 無法插管, 故無法洗胃."
20062532,Respiratory failure呼吸衰竭|Coma昏迷 body temperature:none Hb . g/dL|WBC  /uL|CRP . mg/dL|CKMB  U/L|CK  U/L|PLT  /uL 意識喪失，旁邊發現年年春農藥，在署新on endo。
20012880,"Dizziness頭暈|Nausea噁心 body temperature:none  N/V:+/-, 頭暈，同時間馬偕醫院來電有五位稻江同學症狀一樣"
20032174,Dizziness頭暈|Nausea噁心 body temperature:none  早上七點噴農藥，不慎吸入，出現頭暈，想吐等症狀。
20060215,"Muscle weakness肌肉無力|Dizziness頭暈|Vomiting嘔吐|Nausea噁心|Diarrhea腹瀉 body temperature:none  噴灑農藥時吸入,現頭暈,全身無力,麻,
nausea,vomiting"
20131042,"Blurred vision視力模糊|Slurred speech言語不清 body temperature:normal AST(GOT)  U/L|其他 Clr?:  |ALT(GPT)  U/L|WBC  /uL 職業: 種番茄
中午喝 ml，進ER，住院
Blurred vision
手無法定位
Slurred speech
HF hydration 中


/ : 左右自行服用固殺草ml，經急診住院
/ : 病房醫師詢問blurred vision / 雙手無法定位 / slurred speech, EVM
/ 早上仍嗜睡，可喚醒，約八點多一口痰卡住，cyanosis，intubation，住加護病房中
"
20061380,"Muscle weakness肌肉無力|Sweating發汗 body temperature:none Glucose WNL mg/dL 早上八點皮膚接觸到固殺草及興農春,EVM,sweeting,無力,BS:Normal"
20011870," body temperature:none Na  mmol/L|GGT  U/L|CK  U/L|Cl  mmol/L|T-Bil . mg/dL|Cr. . mg/dL|ALT(GPT)  U/L|D-Bil  mg/dL|AST(GOT)  U/L|LDH  U/L|Alb .  g/dL|Glucose  mg/dL|Ca . mg/dL|BUN   mg/dL|K .  mmol/L|ALP   U/L 由於抑鬱和焦慮，她服用了劑量的催眠藥和除磷菊酯，曾嘗試自殺。然後被送MER，並給予 NG、CARBOMIX 
縣立板橋醫院: Normal saline, Larvage and Cabomix"
20043989,"Sore throat喉嚨痛|Oral irritation(incl. lips)口腔刺激(含嘴唇) body temperature:none  A yo man accidently drank a mouse of 春多多(phosphosate). Vital sign stable, Consciousness clear. Patient complains of painful mouse mucosa and throat."
20011053,"Drowsy/Lethargy嗜睡|Swelling腫脹 body temperature:none FMetHb . %|SO  %|FCOHb . % 嗜睡
IM注射毒絲本->局部swelling
: HbCO .%、HbO Sat %、tHb .%、MetHb .%
: HbCO .%、HbO Sat .%、tHb .%、MetHb .%"
20011560," Asymptom無症狀 body temperature:none  suicide attemp
兩口賽滅寧

無症狀，洗胃，給予活性碳"
20123050,"Drowsy/Lethargy嗜睡|Vomiting嘔吐|Nausea噁心|Tachycardia心搏過速 body temperature:normal  Self-ingested a bit of 除草藥百試達(固殺草) as suicide attempt,sent to 彰濱秀傳急診

slight drowsy
vomiting, nausea"
20183825,"Vomiting嘔吐|Sore throat喉嚨痛|Nausea噁心 body temperature:none  喝固殺草cc自殺，now in ER, vital sign stable, but throat pain, N/V positive "
20212576, body temperature:none  在家噴灑托福松後，有頭暈、頭痛、嘔吐等症狀，目前意識以及生命徵象穩定
20053841,"Coma昏迷 body temperature:normal  為suicide病患
服用阿拉丁
送醫時已昏迷 coma scale 分
已on NG"
20054152,Nausea噁心|Hypotension低血壓 body temperature:none   個案食入未知量的春春春，有噁心且血壓有點低。
20181233," body temperature:none  個案自殺喝了cc第滅寧 , 已經洗胃給活性碳, 病人cons clear, 但有點喘"
20171194,"Nausea噁心 body temperature:none  喝了-cc的固殺草(不知品牌)
一開始想吐
現在沒有症狀
有DM"
20011422,Salivation/Drooling流口水|Nausea噁心 body temperature:none  Nausea and salivation
20151287, body temperature:none  喝入畢芬寧(Bifenthrin)殺蟲劑，意識不清
20211174,"Chest tightness胸悶|Dyspnea呼吸困難|Palpitation心悸 body temperature:none  三個禮拜前去田裡除草，田裡有噴過固殺草。除草結束後開始有胸悶、心悸症狀斷斷續續至今日。

無噁心、吐、腹瀉症狀。"
20101829,"Sore throat喉嚨痛 body temperature:none  自殺，喝ML
喉嚨痛。"
20012949," Asymptom無症狀|Salivation/Drooling流口水|Vomiting嘔吐 body temperature:none  vomitting, salivation,asymptomatic currently"
20024366,"Blurred vision視力模糊 body temperature:none  // AM 飲用一等勇 cc
vital sign: stable
Blurred vision positive "
20202422, Asymptom無症狀 body temperature:none  想自殺於// 下午喝了一些
20011002,"Oral ulcer(incl. lips)口腔潰瘍(含嘴唇) body temperature:none  cons clear,stable,oral ulcer"
20013936," body temperature:none  GCS 
on ET-tube
-> con's clear"
20031586," body temperature:none  服用賽滅寧-口自殺 psychi Hx, vomiting positive "
20010227, body temperature:none  on NG
20091705," Asymptom無症狀 body temperature:none  剛喝就送到醫院
目前consciousness clear, vital sign stable
under NG irrigation"
20182854, body temperature:none  早上噴藥(賽滅寧)，下午不適，已清洗皮膚，嘔吐、乾嘔、拉肚子，來電詢問該掛哪科
20183038,"Dizziness頭暈 body temperature:none  : 喝了固殺草-ML 一點頭暈
無其他症狀
Vital signs stable"
20013535,"Vomiting嘔吐|Nausea噁心 body temperature:none  喝酒醉誤服殺蟲劑
N/V:+/+
送ER->ICU on endo
呼吸道治療中"
20141660,"Sore throat喉嚨痛 body temperature:none  兩天前喝農藥cc,喉嚨痛，生命徵象穩"
20192177, body temperature:none  / : 喝了/瓶 「安普蝨」 (百滅寧)，現在喉嚨灼熱痛
20201539,"Hyperammonemia高血氨|Sore throat喉嚨痛 body temperature:none LDH  U/L /: 喝三口固殺草
/: 轉至高榮
/: 打來電詢 (目前症狀: 喉嚨痛)

vital signs ok
cons clear"
20161854,"Diarrhea腹瀉 body temperature:none  / 凌晨時 吃安眠藥,及農藥 送急診入院治療,病人今日 / 出現腹瀉,建議病人腸胃道症狀治療,並且同時會診新陳代謝科原DM病情控制
Conscious clear"
20043848," body temperature:none  病人有psy症狀但無就醫史
今喝下賽滅靈(dose?)後
送至ER,vital sign stable now"
20172125, body temperature:none  大樓保全工作時間，意外曝觸環保局殺蟲劑噴灑，導致乾咳、嘔吐、胸痛，故來求診。
20211982, body temperature:none  於早上九點服用mL的百滅寧自殺
20200810,"Loss of consciousness失去意識|Coma昏迷 body temperature:none  EVM
coma, 已洗胃"
20010282,Drowsy/Lethargy嗜睡 body temperature:none  drowsy
20183559," body temperature:none  自殺喝了一口賽滅寧, 口腔刺痛, 下體也有潑到, 也不舒服"
20043970,"Loss of consciousness失去意識 body temperature:none  喝下cc後自覺loss conscious
後救護車送至ER前已恢復意識
vital sign stablle now
"
20011945,"Coma昏迷|Respiratory failure呼吸衰竭|Salivation/Drooling流口水|Pinpoint pupil針狀瞳(.mm/無光反射) body temperature:none Hb . g/dL|PLT  /uL|WBC  /uL //服用有機磷,於竹東榮院s/p PAM amp, Atropine amp
coma, resp failure s/p intubation, pupil / L/R:+/+, dry skin
病摘:
THIS  Y/O FEMALE WAS RATHER WELL UNTIL SHE DRANK AT PM : ON JAN..AT FIRST,SHE WAS SENT TO VETERAN H FOR HELP WHERE COMA(EVM) AND DESATURATION(Sat O:%) WERE NOTED.THUS, ETT INTUBATION WITH MV SUPPORT WAS PRESCRIBED.BESIDES,PIN PUPIL, SALIVATION,AND BIL RALES WERE NOTED.THUS,ORGANOPHOSPHATE INTOXIC
ATION WAS IMPRESSED.THEREFORE,ATROPINE  AMP AND PAM  AMP WERE
PRESCRIBED.FOR FURTHER MEDICAL MANAGEMENT,SHE WAS TRANSFERRED TO OUR H. AT OUR MER,PAM  AMP AND ATROPINE  AMP INFUSION BY PUMP
WERE PRESCRIBED.FOR FURTHER MEDICAL CARE,SHE WAS ADMITTED TO ICU"
20182080, body temperature:normal  因滅汀喝一口for suicide
20172058," body temperature:none  /喝了佳絲本自殺-cc 住院治療後 /又不小心誤喝口, /收精神科病房, 眼皮無力,縮瞳症狀,可以自行走動,上廁所, 詢問眼皮症狀, 是否影響智力"
20102342, Asymptom無症狀 body temperature:normal  喝下因滅汀自殺數量不知
20051046,Vomiting嘔吐|Sore throat喉嚨痛|Nausea噁心 body temperature:none  個案食入-mL的年年春，有喉嚨痛、噁心吐症狀。意識清楚
20011513,Flushed發紅 body temperature:none  年年春噴灑在皮膚上，全身發紅，果園農夫
20032964, body temperature:none  .-小時前誤食一小口的年年春，沒有吐掉，吞了下去。剛送急診室，生命徵象穩定，血壓稍高/ mmHg，尚未有處置。
20171411,"Asystole心搏停止|Seizure (single)癲癇 (單次)|Loss of consciousness失去意識|Coma昏迷 body temperature:none Ammonia  μmol/L /路倒,發現有固殺草農藥瓶, 入院意識還清楚,洗胃活性碳 , /凌晨失去意識, 也有seizure症狀, 血胺:多,/- HR左右,目前仍coma，曾HR 、asystole"
20082036," Asymptom無症狀 body temperature:none  喝兩口斬丈根.%,no s/s"
20024214,Respiratory failure呼吸衰竭|Loss of consciousness失去意識 body temperature:none  喝下cc除蟲劑(俗名A或阿巴丁)
20181448,"Abdominal Pain腹痛|Vomiting嘔吐|Nausea噁心 body temperature:none  自殺喝 絕蟲寧 兩口, N/V abd pain"
20130526," body temperature:none  病患就醫前分鐘喝了cc固殺草
目前不理人
vital sign ok"
20181444, body temperature:none  喝到一小口農藥毒錫苯，有噁心嘔吐的症狀，已用活性碳洗胃
20201691,"Drowsy/Lethargy嗜睡 body temperature:none  小時前喝兩碗固殺草,經洗胃現意識稍差"
20013485,"Nausea噁心|Vomiting嘔吐 body temperature:normal ALT(GPT)  U/L|Hb . g/dL|LDH  U/L|Cr.  .  mg/dL|K . mmol/L|Cl  mmol/L|Amylase  U/L|free Ca++ . mmol/L|WBC  /uL|T-Bil . mg/dL|Ca .   mg/dL|GGT   U/L|PLT  /uL|ALP    U/L|Na  mmol/L|Alb .  g/dL|AST(GOT)  U/L|CK  U/L|MCV . /uL HX:Suicide attempt、Angina, r/o CAD、Old CVA with Lt hemiparesis、type  DM、 HCVD
 年  月  日凌晨  點左右，她喝了口殺蟲劑自殺(淨效滅寧ml pyrethrin)。攝入後不久噁心和嘔吐。 凌晨  點  分左右，她被送到北醫後 NG給予活性碳，然後她轉院到MER。
took 淨效滅寧ml
no symptoms"
20150564,"Dizziness頭暈 body temperature:none  被農業噴到 皮膚接觸
抱怨頭昏全身不舒服
意識清醒 生命徵象穩定"
20063674,Coma昏迷|Vomiting嘔吐 body temperature:none  個案意識不清，vomiting，vital sign stable，有使用活性碳與類固醇治療。
20210589,Vomiting嘔吐 body temperature:normal  殺人後喝農藥自殺，因嘔吐嚴重送ER。詢問處置。
20043987, body temperature:none  自殺
20183282,"Vomiting嘔吐 body temperature:none  喝了約c.c.的Emametin, 出現嘔吐的症狀。 Vital sign穩定。"
20022865,"Dermal irritation皮膚刺激|Pain疼痛 body temperature:none  早上為他親愛的檳榔噴農藥
被噴到臉和褲子
skin有刺痛
EKG：HR只有下
"
20170923," body temperature:none  下午噴農藥(賽滅寧)位戴口罩，疑似有吸入,現感口麻
"
20050366, body temperature:none  喝年年春ml，VS stable。
20011558,"Salivation/Drooling流口水|Agitation躁動 body temperature:none  secretion, irritable, pupil seze:/(+/+)"
20212244,"Sore throat喉嚨痛 body temperature:normal Ammonia  μmol/L|AST(GOT)  U/L|ALT(GPT)  U/L|pH . |PCO  mmHg|K . mmol/L|WBC  /uL|HCO . mmol/L|Na  mmol/L|Cr. . mg/dL 自殺喝了mL固殺草(強手)
ECG: SR ( bpm)"
20020188,"Nausea噁心|Pain疼痛|Vomiting嘔吐|Sore throat喉嚨痛 body temperature:normal GGT  U/L|BUN  mg/dL|K . mmol/L|WBC   /uL|ALT(GPT)  U/L|T-Bil . mg/dL|CRP . mg/dL|LDH   U/L|AST(GOT)  U/L|Cr. . mg/dL|CK  U/L|PLT  /uL|Alb .  g/dL|Ca . mg/dL|Cl  mmol/L|Na  mmol/L|ALP  U/L HX:CELLULITIS OVER RIGHT FACE AND TEMPORAL SCALP WITH RHABDOMYOLYSIS,  R/O NECROTIZING FASCIITIS、LACERATION OF LEFT PARIETAL SCALP S/P SUTURE、MAJOR DEPRESSION WITH SUICIDE ATTEMPT
、HEPATITIS C CARRIER
喝了 - ml PERMETHRIN，然後注射- ml PERMETHRIN到臉部，感覺喉嚨痛、噁心、嘔吐。她爬起來摔倒了兩次。月日下午，EMT發現她並將其送往醫院。到醫院時有給予活性炭、NG ，然後轉院到我們的 MER 
con's: clear, whole body pain, "
20032209, body temperature:none  喝約半瓶的芬多淨，約c.c，產生些許嘔吐的症狀。
20193568,"Vomiting嘔吐 body temperature:normal  點喝一碗固免割想自殺
有吐出黃綠色液體
Conscious clear
No other GI symptom
No oral, throat, abd pain"
20012952,"Fever發燒 body temperature:none  clear,N/V, ,,/，發燒"
20082823,Loss of consciousness失去意識 body temperature:none  上午中毒路倒送ER 到院時脫肛、脫糞意識不清
20012427," body temperature:none BUN  mg/dL|PCO . mmHg|Ca . mg/dL|SO . %|BE -. mmol/L |WBC  /uL|Cr. . mg/dL|CRP . mg/dL|PO  mmHg|PLT  /uL|HCO . mmol/L|Alb . g/dL|pH .  ingestion of 興農春 at about - pm on --. : to ER, v/s: RR , PR , BP /, EVM, BUN ,  Cr ., ABG: pH ., PCO  ., PO  .,  HCO  ., SaO .    sBP down to + at : on --. Dopamine was given. F/U ABG

"
20051806,"Agitation躁動 body temperature:none  A  yo man was transferred to 花慈ER after charcoal-lavage and on- endo because he drank  百試達. He was a little axiety, but vital sign stable, conscioussness clear."
20033255," body temperature:none  C/C
流口水"
20172495," Asymptom無症狀 body temperature:none  夫妻口角自殺喝了絕蟲靈(因滅汀), 患者喝酒後再喝較多口, 妻喝一口, 無症狀."
20201937," body temperature:none    This is a  y/o male, this time was sent to ED due to 毒斯精(陶斯松) ml through gastrostomy, coma, hypokalemia( K: .)."
20014462, Asymptom無症狀|Tarry stool黑便 body temperature:none  昨天出院，今天又自殺喝未知量的百滅寧，解黑便(有給活性碳)，clear，VS STABLE，asy
20172971, body temperature:none  病人喝了一口達馬松，送醫後，目前出現抽筋、腹痛的症狀，vital sign正常，以給予atropin和PAM。
20142190,"Vomiting嘔吐 body temperature:normal  喝一口農藥(因滅汀)自殺, 在家中有嘔吐, 到院後沒有再吐."
20010440,Tachycardia心搏過速 body temperature:none  tachycardia.CHE  .(~).Paraquat.
20110047,"Acidosis酸血症 body temperature:normal pH . |SO  %|HCO  mmol/L|PO  mmHg EVM(家屬拒插管),已洗胃, acidosis(pH:., bicarbonate:,
O sat:↑"
20043832, body temperature:none  tremor
20060455,"Vomiting嘔吐 body temperature:none  自殺食入量未知，出現嘔吐症狀。
"
20192022,"Red eye/Conjunctivitis眼睛紅/結膜炎|Ocular irritation/pain眼睛刺激/疼痛 body temperature:none  早上:使用農藥時，噴到左眼，紅熱刺痛
Cons clear
GCS 
irrigation後仍不舒服"
20172358," body temperature:none  到院半小時前喝一口因滅汀
已經洗胃及使用活性碳"
20150857," Asymptom無症狀 body temperature:none  在家心情不好於:喝了約cc因滅汀企圖自殺,約:被家人帶至急診,人沒有任何不舒服"
20012848,Urticaria蕁麻疹|Dermatitis皮膚炎 body temperature:none  全身癢
